num,"time","in_fuel","out_power"
10,"08.02.2018 3:09","0,49102","-0,353733"
20,"08.02.2018 3:19","0,489224","0,0759544"
30,"08.02.2018 3:29","0,48898","-0,353733"
40,"08.02.2018 3:39","0,490775","-0,234375"
50,"08.02.2018 3:49","0,497888","0,0998268"
60,"08.02.2018 3:59","0,497764","-0,234375"
70,"08.02.2018 4:09","0,488858","-0,16276"
80,"08.02.2018 4:19","0,490568","-0,449219"
90,"08.02.2018 4:29","0,488774","-0,138889"
100,"08.02.2018 4:39","0,48853","-0,234375"
110,"08.02.2018 4:49","0,490323","-0,186632"
120,"08.02.2018 4:59","0,490446","-0,258247"
130,"08.02.2018 5:09","0,486731","-0,0911465"
140,"08.02.2018 5:19","0,490446","0,0282116"
150,"08.02.2018 5:29","0,49743","-0,115017"
160,"08.02.2018 5:39","0,488286","-0,0911465"
170,"08.02.2018 5:49","0,488164","-0,138889"
180,"08.02.2018 5:59","0,490078","-0,210505"
190,"08.02.2018 6:09","0,490078","0,266928"
200,"08.02.2018 6:19","0,488286","-0,0434036"
210,"08.02.2018 6:29","0,488286","-0,30599"
220,"08.02.2018 6:39","0,489833","-0,0911465"
230,"08.02.2018 6:49","0,488042","-0,282118"
240,"08.02.2018 6:59","0,489833","-0,0672741"
250,"08.02.2018 7:09","0,489833","-0,258247"
260,"08.02.2018 7:19","0,489833","-0,234375"
270,"08.02.2018 7:29","0,496559","-0,377604"
280,"08.02.2018 7:39","0,500068","-0,401476"
290,"08.02.2018 7:49","0,494795","-0,210505"
300,"08.02.2018 7:59","0,487675","-0,138889"
310,"08.02.2018 8:09","0,494795","-0,0434036"
320,"08.02.2018 8:19","0,489465","0,0282116"
330,"08.02.2018 8:29","0,494547","-0,0672741"
340,"08.02.2018 8:39","0,494547","-0,0911465"
350,"08.02.2018 8:49","0,494586","0,052084"
360,"08.02.2018 8:59","0,505159","-0,329861"
370,"08.02.2018 9:09","0,499692","-0,353733"
380,"08.02.2018 9:19","0,499441","-0,115017"
390,"08.02.2018 9:29","0,506632","-0,234375"
400,"08.02.2018 9:39","0,499692","-0,30599"
410,"08.02.2018 9:49","0,504906","-0,186632"
420,"08.02.2018 9:59","0,499315","0,243055"
430,"08.02.2018 10:09","0,504525","0,052084"
440,"08.02.2018 10:19","0,504612","-0,0672741"
450,"08.02.2018 10:29","0,499401","-0,282118"
460,"08.02.2018 10:39","0,504612","-0,210505"
470,"08.02.2018 10:49","0,499235","0,052084"
480,"08.02.2018 10:59","0,502714","-0,138889"
490,"08.02.2018 11:09","0,504444","0,00434113"
500,"08.02.2018 11:19","0,506169","-0,401476"
510,"08.02.2018 11:29","0,499235","0,00434113"
520,"08.02.2018 11:39","0,5028","-0,234375"
530,"08.02.2018 11:49","0,5028","0,052084"
540,"08.02.2018 11:59","0,493806","-0,449219"
550,"08.02.2018 12:09","0,499069","0,00434113"
560,"08.02.2018 12:19","0,499069","-0,258247"
570,"08.02.2018 12:29","0,504277","0,00434113"
580,"08.02.2018 12:39","0,493806","0,195313"
590,"08.02.2018 12:49","0,498943","-0,186632"
600,"08.02.2018 12:59","0,493891","-0,329861"
610,"08.02.2018 13:09","0,505833","-0,16276"
620,"08.02.2018 13:19","0,493642","0,14757"
630,"08.02.2018 13:29","0,504109","-0,186632"
640,"08.02.2018 13:39","0,50238","-0,0911465"
650,"08.02.2018 13:49","0,503982","-0,258247"
660,"08.02.2018 13:59","0,504109","-0,115017"
670,"08.02.2018 14:09","0,490103","-0,61632"
680,"08.02.2018 14:19","0,498525","-0,377604"
690,"08.02.2018 14:29","0,498611","-0,115017"
700,"08.02.2018 14:39","0,493602","-0,138889"
710,"08.02.2018 14:49","0,498611","0,243055"
720,"08.02.2018 14:59","0,498611","-0,0195313"
730,"08.02.2018 15:09","0,251096","-0,138889"
740,"08.02.2018 15:19","0,254737","0,0998268"
750,"08.02.2018 15:29","0,252265","-0,138889"
760,"08.02.2018 15:39","0,248199","-0,425346"
770,"08.02.2018 15:49","0,254605","-0,186632"
780,"08.02.2018 15:59","0,248156","0,0282116"
790,"08.02.2018 16:09","0,255351","0,0998268"
800,"08.02.2018 16:19","0,25377","-0,138889"
810,"08.02.2018 16:29","0,248156","-0,234375"
820,"08.02.2018 16:39","0,252179","0,362413"
830,"08.02.2018 16:49","0,252179","-0,592447"
840,"08.02.2018 16:59","0,252179","-0,0911465"
850,"08.02.2018 17:09","0,247344","-0,0911465"
860,"08.02.2018 17:19","0,252179","-0,186632"
870,"08.02.2018 17:29","0,248156","-0,0911465"
880,"08.02.2018 17:39","0,252179","-0,234375"
890,"08.02.2018 17:49","0,246529","-0,258247"
900,"08.02.2018 17:59","0,248156","0,0759544"
910,"08.02.2018 18:09","0,252179","0,052084"
920,"08.02.2018 18:19","0,252179","0,195313"
930,"08.02.2018 18:29","0,247344","-0,282118"
940,"08.02.2018 18:39","0,250851","-0,16276"
950,"08.02.2018 18:49","0,250578","-0,0195313"
960,"08.02.2018 18:59","0,248156","-0,282118"
970,"08.02.2018 19:09","0,248156","0,171442"
980,"08.02.2018 19:19","0,248156","-0,425346"
990,"08.02.2018 19:29","0,250046","-0,16276"
1000,"08.02.2018 19:39","0,248427","-0,0911465"
1010,"08.02.2018 19:49","0,248156","-0,0911465"
1020,"08.02.2018 19:59","0,248156","-0,30599"
1030,"08.02.2018 20:09","0,250578","-0,329861"
1040,"08.02.2018 20:19","0,250578","-0,329861"
1050,"08.02.2018 20:29","0,248427","-0,138889"
1060,"08.02.2018 20:39","0,250535","-0,520834"
1070,"08.02.2018 20:49","0,250535","-0,0911465"
1080,"08.02.2018 20:59","0,248114","-0,0911465"
1090,"08.02.2018 21:09","0,250535","0,0759544"
1100,"08.02.2018 21:19","0,248114","-0,16276"
1110,"08.02.2018 21:29","0,250535","-0,0911465"
1120,"08.02.2018 21:39","0,254518","-0,138889"
1130,"08.02.2018 21:49","0,248114","-0,16276"
1140,"08.02.2018 21:59","0,250808","-0,282118"
1150,"08.02.2018 22:09","0,254796","-0,186632"
1160,"08.02.2018 22:19","0,254518","0,219185"
1170,"08.02.2018 22:29","0,254518","-0,115017"
1180,"08.02.2018 22:39","0,250808","-0,0911465"
1190,"08.02.2018 22:49","0,250808","-0,0195313"
1200,"08.02.2018 22:59","0,254518","0,0282116"
1210,"08.02.2018 23:09","0,250003","-0,0434036"
1220,"08.02.2018 23:19","0,251336","-0,377604"
1230,"08.02.2018 23:29","0,254796","-0,0672741"
1240,"08.02.2018 23:39","0,254474","0,123697"
1250,"08.02.2018 23:49","0,25396","-0,115017"
1260,"08.02.2018 23:59","0,247259","0,0282116"
1270,"09.02.2018 0:09","0,255542","-0,0672741"
1280,"09.02.2018 0:19","0,255263","0,219185"
1290,"09.02.2018 0:29","0,254752","0,0759544"
1300,"09.02.2018 0:39","0,254474","-0,0434036"
1310,"09.02.2018 0:49","0,250491","-0,282118"
1320,"09.02.2018 0:59","0,250491","-0,234375"
1330,"09.02.2018 1:09","0,254474","-0,329861"
1340,"09.02.2018 1:19","0,254752","-0,0434036"
1350,"09.02.2018 1:29","0,254752","-0,16276"
1360,"09.02.2018 1:39","0,250491","0,243055"
1370,"09.02.2018 1:49","0,24996","-0,138889"
1380,"09.02.2018 1:59","0,250491","0,0282116"
1390,"09.02.2018 2:09","0,65216","0,0282116"
1400,"09.02.2018 2:19","0,597123","-0,329861"
1410,"09.02.2018 2:29","0,323428","-0,401476"
1420,"09.02.2018 2:39","0,198701","-0,0672741"
1430,"09.02.2018 2:49","0,281263","-0,234375"
1440,"09.02.2018 2:59","0,32494","-0,377604"
1450,"09.02.2018 3:09","0","-0,425346"
1460,"09.02.2018 3:19","0,281664","-0,377604"
1470,"09.02.2018 3:29","0,199267","-0,115017"
1480,"09.02.2018 3:39","0,281864","-0,16276"
1490,"09.02.2018 3:49","0,281958","-0,0195313"
1500,"09.02.2018 3:59","0,282044","-0,377604"
1510,"09.02.2018 4:09","0,28212","-0,138889"
1520,"09.02.2018 4:19","0,199556","-0,0434036"
1530,"09.02.2018 4:29","0,282233","-0,520834"
1540,"09.02.2018 4:39","0,257721","-0,30599"
1550,"09.02.2018 4:49","0,199656","-0,234375"
1560,"09.02.2018 4:59","0,30503","-0,401476"
1570,"09.02.2018 5:09","0,28243","-0,0911465"
1580,"09.02.2018 5:19","0,282507","0,0998268"
1590,"09.02.2018 5:29","0,305152","-0,282118"
1600,"09.02.2018 5:39","0,115348","-0,234375"
1610,"09.02.2018 5:49","0,257926","-0,16276"
1620,"09.02.2018 5:59","0,199808","0,0759544"
1630,"09.02.2018 6:09","0,199862","-0,377604"
1640,"09.02.2018 6:19","0,282694","-0,0195313"
1650,"09.02.2018 6:29","0,199902","-0,30599"
1660,"09.02.2018 6:39","0,199921","0,052084"
1670,"09.02.2018 6:49","0","-0,353733"
1680,"09.02.2018 6:59","0,199975","-0,0195313"
1690,"09.02.2018 7:09","0,280309","-0,16276"
1700,"09.02.2018 7:19","0,323672","0,052084"
1710,"09.02.2018 7:29","0,302372","-0,16276"
1720,"09.02.2018 7:39","0,279979","-0,16276"
1730,"09.02.2018 7:49","0,396706","-0,425346"
1740,"09.02.2018 7:59","0,198453","-0,234375"
1750,"09.02.2018 8:09","0,323704","-0,0195313"
1760,"09.02.2018 8:19","0,732695","-0,30599"
1770,"09.02.2018 8:29","0,198717","-0,0434036"
1780,"09.02.2018 8:39","0,324676","-0,0195313"
1790,"09.02.2018 8:49","0,324213","-4,55512"
1800,"09.02.2018 8:59","0,198545","-1,95313"
1810,"09.02.2018 9:09","3,48671","-2,62153"
1820,"09.02.2018 9:19","5,03846","20,6771"
1830,"09.02.2018 9:29","5,06312","20,3429"
1840,"09.02.2018 9:39","4,96882","20,51"
1850,"09.02.2018 9:49","4,94365","19,2209"
1860,"09.02.2018 9:59","4,92757","19,7222"
1870,"09.02.2018 10:09","4,95113","19,7938"
1880,"09.02.2018 10:19","4,90329","20,51"
1890,"09.02.2018 10:29","4,8708","19,4119"
1900,"09.02.2018 10:39","4,87887","20,701"
1910,"09.02.2018 10:49","4,91354","20,0326"
1920,"09.02.2018 10:59","4,91355","19,5551"
1930,"09.02.2018 11:09","4,90809","20,51"
1940,"09.02.2018 11:19","4,96627","20,0326"
1950,"09.02.2018 11:29","4,88061","20,4622"
1960,"09.02.2018 11:39","4,89237","20,7248"
1970,"09.02.2018 11:49","4,94605","19,8893"
1980,"09.02.2018 11:59","4,87963","20,6532"
1990,"09.02.2018 12:09","4,85991","20,5577"
2000,"09.02.2018 12:19","4,9312","20,2474"
2010,"09.02.2018 12:29","4,85565","19,7938"
2020,"09.02.2018 12:39","4,92569","19,8655"
2030,"09.02.2018 12:49","4,84808","19,4596"
2040,"09.02.2018 12:59","4,92133","19,8655"
2050,"09.02.2018 13:09","4,87822","18,7674"
2060,"09.02.2018 13:19","4,90563","19,7461"
2070,"09.02.2018 13:29","4,84031","19,3642"
2080,"09.02.2018 13:39","4,89018","19,5074"
2090,"09.02.2018 13:49","4,8888","19,4358"
2100,"09.02.2018 13:59","4,97328","20,4145"
2110,"09.02.2018 14:09","4,94756","21,8945"
2120,"09.02.2018 14:19","4,95947","21,1306"
2130,"09.02.2018 14:29","5,32172","35,549"
2140,"09.02.2018 14:39","5,29026","33,6393"
2150,"09.02.2018 14:49","5,43621","39,2491"
2160,"09.02.2018 14:59","5,38681","39,6549"
2170,"09.02.2018 15:09","5,43818","40,2995"
2180,"09.02.2018 15:19","5,73407","49,5139"
2190,"09.02.2018 15:29","5,69173","49,4661"
2200,"09.02.2018 15:39","5,71737","49,6332"
2210,"09.02.2018 15:49","5,75575","49,6332"
2220,"09.02.2018 15:59","5,99246","58,4418"
2230,"09.02.2018 16:09","5,96421","58,6089"
2240,"09.02.2018 16:19","6,15384","62,5955"
2250,"09.02.2018 16:29","6,20417","66,3672"
2260,"09.02.2018 16:39","6,29881","69,9479"
2270,"09.02.2018 16:49","6,45077","75,7964"
2280,"09.02.2018 16:59","6,63156","80,7617"
2290,"09.02.2018 17:09","6,7817","85,1541"
2300,"09.02.2018 17:19","6,89975","89,0451"
2310,"09.02.2018 17:29","7,13691","94,4162"
2320,"09.02.2018 17:39","7,36069","100,647"
2330,"09.02.2018 17:49","7,57425","105,302"
2340,"09.02.2018 17:59","7,75141","111,246"
2350,"09.02.2018 18:09","7,74232","112,272"
2360,"09.02.2018 18:19","7,91365","117,046"
2370,"09.02.2018 18:29","8,02533","118,264"
2380,"09.02.2018 18:39","8,02996","119,959"
2390,"09.02.2018 18:49","8,0623","120,126"
2400,"09.02.2018 18:59","8,08747","122,847"
2410,"09.02.2018 19:09","8,94989","144,809"
2420,"09.02.2018 19:19","9,86645","168,251"
2430,"09.02.2018 19:29","10,7639","192,958"
2440,"09.02.2018 19:39","11,8206","215,158"
2450,"09.02.2018 19:49","12,736","238,958"
2460,"09.02.2018 19:59","13,644","262,161"
2470,"09.02.2018 20:09","13,7188","265,098"
2480,"09.02.2018 20:19","13,7348","265,432"
2490,"09.02.2018 20:29","14,1485","274,264"
2500,"09.02.2018 20:39","14,628","284,959"
2510,"09.02.2018 20:49","14,5204","285,007"
2520,"09.02.2018 20:59","14,5547","285,532"
2530,"09.02.2018 21:09","14,6597","286,415"
2540,"09.02.2018 21:19","14,6316","285,985"
2550,"09.02.2018 21:29","14,5416","285,818"
2560,"09.02.2018 21:39","14,6288","285,938"
2570,"09.02.2018 21:49","14,6407","286,152"
2580,"09.02.2018 21:59","14,4658","286,487"
2590,"09.02.2018 22:09","14,5701","285,866"
2600,"09.02.2018 22:19","14,5547","286,463"
2610,"09.02.2018 22:29","14,5944","286,128"
2620,"09.02.2018 22:39","14,5653","286,415"
2630,"09.02.2018 22:49","14,7018","284,792"
2640,"09.02.2018 22:59","14,7148","286,367"
2650,"09.02.2018 23:09","14,491","286,606"
2660,"09.02.2018 23:19","14,579","285,007"
2670,"09.02.2018 23:29","14,5491","285,961"
2680,"09.02.2018 23:39","14,5318","285,938"
2690,"09.02.2018 23:49","14,5629","284,863"
2700,"09.02.2018 23:59","14,6398","287,036"
2710,"10.02.2018 0:09","13,9967","273,023"
2720,"10.02.2018 0:19","13,2112","253,711"
2730,"10.02.2018 0:29","12,3837","232,943"
2740,"10.02.2018 0:39","11,6031","213,273"
2750,"10.02.2018 0:49","10,7795","193,889"
2760,"10.02.2018 0:59","10,2091","177,609"
2770,"10.02.2018 1:09","10,1098","175,365"
2780,"10.02.2018 1:19","9,64167","162,832"
2790,"10.02.2018 1:29","9,21504","149,154"
2800,"10.02.2018 1:39","8,70226","138,077"
2810,"10.02.2018 1:49","8,20654","124,638"
2820,"10.02.2018 1:59","8,07463","119,863"
2830,"10.02.2018 2:09","8,06026","120,699"
2840,"10.02.2018 2:19","8,13123","120,532"
2850,"10.02.2018 2:29","8,04323","120,365"
2860,"10.02.2018 2:39","8,1031","121,701"
2870,"10.02.2018 2:49","8,05162","119,72"
2880,"10.02.2018 2:59","8,06476","119,648"
2890,"10.02.2018 3:09","8,01893","119,816"
2900,"10.02.2018 3:19","8,07578","120,89"
2910,"10.02.2018 3:29","8,02735","119,457"
2920,"10.02.2018 3:39","8,04975","119,362"
2930,"10.02.2018 3:49","8,03949","120,699"
2940,"10.02.2018 3:59","8,04975","120,77"
2950,"10.02.2018 4:09","7,97398","121,463"
2960,"10.02.2018 4:19","8,10432","119,863"
2970,"10.02.2018 4:29","8,08484","120,508"
2980,"10.02.2018 4:39","8,03022","120,388"
2990,"10.02.2018 4:49","8,06231","119,816"
3000,"10.02.2018 4:59","8,02356","120,245"
3010,"10.02.2018 5:09","8,03646","119,672"
3020,"10.02.2018 5:19","8,00582","120,699"
3030,"10.02.2018 5:29","7,98772","119,696"
3040,"10.02.2018 5:39","8,01998","119,863"
3050,"10.02.2018 5:49","8,05206","121,272"
3060,"10.02.2018 5:59","8,10613","120,938"
3070,"10.02.2018 6:09","8,01966","120,723"
3080,"10.02.2018 6:19","8,05968","120,03"
3090,"10.02.2018 6:29","8,03347","120,675"
3100,"10.02.2018 6:39","8,08633","119,648"
3110,"10.02.2018 6:49","8,06726","120,747"
3120,"10.02.2018 6:59","8,11061","120,747"
3130,"10.02.2018 7:09","8,31693","125,401"
3140,"10.02.2018 7:19","8,96822","144,332"
3150,"10.02.2018 7:29","9,63878","160,875"
3160,"10.02.2018 7:39","10,169","176,797"
3170,"10.02.2018 7:49","10,8862","193,674"
3180,"10.02.2018 7:59","11,24","203,318"
3190,"10.02.2018 8:09","11,1329","201,838"
3200,"10.02.2018 8:19","12,0057","222,941"
3210,"10.02.2018 8:29","12,8413","243,47"
3220,"10.02.2018 8:39","13,8045","263,164"
3230,"10.02.2018 8:49","14,5894","283,956"
3240,"10.02.2018 8:59","14,4195","283,956"
3250,"10.02.2018 9:09","14,632","284,29"
3260,"10.02.2018 9:19","14,6595","285,603"
3270,"10.02.2018 9:29","14,6271","284,577"
3280,"10.02.2018 9:39","14,6308","285,484"
3290,"10.02.2018 9:49","14,5842","284,314"
3300,"10.02.2018 9:59","14,5198","285,866"
3310,"10.02.2018 10:09","14,5823","284,434"
3320,"10.02.2018 10:19","14,4044","285,627"
3330,"10.02.2018 10:29","14,5933","285,341"
3340,"10.02.2018 10:39","14,5617","285,627"
3350,"10.02.2018 10:49","14,6272","284,72"
3360,"10.02.2018 10:59","14,5548","284,768"
3370,"10.02.2018 11:09","14,5452","285,914"
3380,"10.02.2018 11:19","14,5642","284,601"
3390,"10.02.2018 11:29","14,6102","286,487"
3400,"10.02.2018 11:39","14,579","284,768"
3410,"10.02.2018 11:49","14,5452","285,818"
3420,"10.02.2018 11:59","14,5855","284,887"
3430,"10.02.2018 12:09","14,5058","286,2"
3440,"10.02.2018 12:19","14,6453","284,505"
3450,"10.02.2018 12:29","14,4449","285,174"
3460,"10.02.2018 12:39","14,5075","285,484"
3470,"10.02.2018 12:49","14,5747","284,959"
3480,"10.02.2018 12:59","14,5251","285,484"
3490,"10.02.2018 13:09","14,6232","286,415"
3500,"10.02.2018 13:19","14,482","285,484"
3510,"10.02.2018 13:29","14,5896","285,508"
3520,"10.02.2018 13:39","14,5892","286,439"
3530,"10.02.2018 13:49","14,6327","286,582"
3540,"10.02.2018 13:59","14,6091","285,436"
3550,"10.02.2018 14:09","14,4991","285,078"
3560,"10.02.2018 14:19","14,56","284,792"
3570,"10.02.2018 14:29","14,5415","286,463"
3580,"10.02.2018 14:39","14,5131","285,842"
3590,"10.02.2018 14:49","14,5829","285,89"
3600,"10.02.2018 14:59","14,6681","286,606"
3610,"10.02.2018 15:09","14,4624","284,863"
3620,"10.02.2018 15:19","14,4855","284,41"
3630,"10.02.2018 15:29","14,4853","287,059"
3640,"10.02.2018 15:39","14,5227","285,341"
3650,"10.02.2018 15:49","14,5793","285,197"
3660,"10.02.2018 15:59","14,5498","286,248"
3670,"10.02.2018 16:09","14,4999","285,317"
3680,"10.02.2018 16:19","14,4724","285,985"
3690,"10.02.2018 16:29","14,5396","284,72"
3700,"10.02.2018 16:39","14,5489","286,057"
3710,"10.02.2018 16:49","14,5765","284,911"
3720,"10.02.2018 16:59","14,5796","284,959"
3730,"10.02.2018 17:09","14,4846","285,866"
3740,"10.02.2018 17:19","14,5154","286,057"
3750,"10.02.2018 17:29","14,4963","286,152"
3760,"10.02.2018 17:39","14,4845","286,534"
3770,"10.02.2018 17:49","14,5323","285,436"
3780,"10.02.2018 17:59","14,4442","285,197"
3790,"10.02.2018 18:09","14,4854","284,887"
3800,"10.02.2018 18:19","14,6128","284,983"
3810,"10.02.2018 18:29","14,5118","285,03"
3820,"10.02.2018 18:39","14,7281","285,174"
3830,"10.02.2018 18:49","14,5377","286,678"
3840,"10.02.2018 18:59","14,5626","285,293"
3850,"10.02.2018 19:09","14,534","284,266"
3860,"10.02.2018 19:19","14,515","284,696"
3870,"10.02.2018 19:29","14,3757","285,532"
3880,"10.02.2018 19:39","14,61","284,959"
3890,"10.02.2018 19:49","14,5297","286,391"
3900,"10.02.2018 19:59","14,474","284,434"
3910,"10.02.2018 20:09","14,5052","286,678"
3920,"10.02.2018 20:19","14,5543","286,558"
3930,"10.02.2018 20:29","14,539","285,436"
3940,"10.02.2018 20:39","14,5447","284,887"
3950,"10.02.2018 20:49","14,5031","286,2"
3960,"10.02.2018 20:59","14,5805","286,009"
3970,"10.02.2018 21:09","14,4545","285,412"
3980,"10.02.2018 21:19","14,6127","285,436"
3990,"10.02.2018 21:29","14,5553","285,197"
4000,"10.02.2018 21:39","14,5563","286,558"
4010,"10.02.2018 21:49","14,4398","285,484"
4020,"10.02.2018 21:59","14,6529","286,176"
4030,"10.02.2018 22:09","14,529","285,197"
4040,"10.02.2018 22:19","14,5241","284,386"
4050,"10.02.2018 22:29","14,5182","285,484"
4060,"10.02.2018 22:39","14,5628","286,725"
4070,"10.02.2018 22:49","14,6086","286,51"
4080,"10.02.2018 22:59","14,5138","286,487"
4090,"10.02.2018 23:09","13,7619","271,233"
4100,"10.02.2018 23:19","13,1129","253,759"
4110,"10.02.2018 23:29","12,4848","237,096"
4120,"10.02.2018 23:39","11,7803","220,506"
4130,"10.02.2018 23:49","11,2284","203,366"
4140,"10.02.2018 23:59","10,486","188,518"
4150,"11.02.2018 0:09","10,7431","192,862"
4160,"11.02.2018 0:19","11,0172","200,334"
4170,"11.02.2018 0:29","11,2511","206,517"
4180,"11.02.2018 0:39","11,5587","212,127"
4190,"11.02.2018 0:49","11,6986","219,169"
4200,"11.02.2018 0:59","12,04","226,736"
4210,"11.02.2018 1:09","11,4014","210,742"
4220,"11.02.2018 1:19","10,7167","191,478"
4230,"11.02.2018 1:29","10,0666","175,341"
4240,"11.02.2018 1:39","9,34039","159,132"
4250,"11.02.2018 1:49","8,72435","138,579"
4260,"11.02.2018 1:59","8,0709","121,868"
4270,"11.02.2018 2:09","8,08854","119,696"
4280,"11.02.2018 2:19","8,05093","121,033"
4290,"11.02.2018 2:29","7,96999","119,505"
4300,"11.02.2018 2:39","8,0693","119,577"
4310,"11.02.2018 2:49","7,98753","119,529"
4320,"11.02.2018 2:59","8,01939","120,723"
4330,"11.02.2018 3:09","8,02338","119,792"
4340,"11.02.2018 3:19","8,10114","120,078"
4350,"11.02.2018 3:29","8,02013","119,792"
4360,"11.02.2018 3:39","7,96436","119,672"
4370,"11.02.2018 3:49","8,04752","119,935"
4380,"11.02.2018 3:59","8,05939","120,054"
4390,"11.02.2018 4:09","8,03326","119,672"
4400,"11.02.2018 4:19","8,05387","120,675"
4410,"11.02.2018 4:29","8,00464","120,317"
4420,"11.02.2018 4:39","8,05693","120,579"
4430,"11.02.2018 4:49","8,00863","119,577"
4440,"11.02.2018 4:59","8,01665","119,195"
4450,"11.02.2018 5:09","8,03996","120,794"
4460,"11.02.2018 5:19","7,99788","120,747"
4470,"11.02.2018 5:29","8,02722","120,436"
4480,"11.02.2018 5:39","7,98153","120,556"
4490,"11.02.2018 5:49","8,05484","119,672"
4500,"11.02.2018 5:59","8,03658","119,457"
4510,"11.02.2018 6:09","7,97826","119,577"
4520,"11.02.2018 6:19","7,99516","118,646"
4530,"11.02.2018 6:29","7,96366","118,694"
4540,"11.02.2018 6:39","7,97649","120,627"
4550,"11.02.2018 6:49","7,98673","119,481"
4560,"11.02.2018 6:59","8,06585","120,484"
4570,"11.02.2018 7:09","8,01827","119,696"
4580,"11.02.2018 7:19","7,95728","119,386"
4590,"11.02.2018 7:29","7,99734","120,388"
4600,"11.02.2018 7:39","8,01882","119,625"
4610,"11.02.2018 7:49","7,98082","120,508"
4620,"11.02.2018 7:59","8,06893","120,579"
4630,"11.02.2018 8:09","8,9996","146,719"
4640,"11.02.2018 8:19","10,0395","174,29"
4650,"11.02.2018 8:29","11,0797","202,292"
4660,"11.02.2018 8:39","12,2726","230,842"
4670,"11.02.2018 8:49","13,3671","257,865"
4680,"11.02.2018 8:59","14,5019","283,407"
4690,"11.02.2018 9:09","14,5623","284,41"
4700,"11.02.2018 9:19","14,63","284,983"
4710,"11.02.2018 9:29","14,5114","284,983"
4720,"11.02.2018 9:39","14,4843","285,747"
4730,"11.02.2018 9:49","14,5812","284,481"
4740,"11.02.2018 9:59","14,4478","286,916"
4750,"11.02.2018 10:09","14,4608","283,837"
4760,"11.02.2018 10:19","14,4449","285,341"
4770,"11.02.2018 10:29","14,5425","285,627"
4780,"11.02.2018 10:39","14,4912","284,959"
4790,"11.02.2018 10:49","14,6218","285,603"
4800,"11.02.2018 10:59","14,2059","285,508"
4810,"11.02.2018 11:09","14,482","284,816"
4820,"11.02.2018 11:19","14,5397","286,152"
4830,"11.02.2018 11:29","14,4663","285,747"
4840,"11.02.2018 11:39","14,5159","285,508"
4850,"11.02.2018 11:49","14,5382","285,914"
4860,"11.02.2018 11:59","14,4885","285,388"
4870,"11.02.2018 12:09","14,554","285,794"
4880,"11.02.2018 12:19","14,5436","285,938"
4890,"11.02.2018 12:29","14,5258","285,293"
4900,"11.02.2018 12:39","14,5732","286,176"
4910,"11.02.2018 12:49","14,4611","285,842"
4920,"11.02.2018 12:59","14,4787","286,487"
4930,"11.02.2018 13:09","14,5069","284,505"
4940,"11.02.2018 13:19","14,4717","284,434"
4950,"11.02.2018 13:29","14,4713","284,505"
4960,"11.02.2018 13:39","14,5154","284,314"
4970,"11.02.2018 13:49","14,4327","285,532"
4980,"11.02.2018 13:59","14,4499","285,508"
4990,"11.02.2018 14:09","14,4551","285,579"
5000,"11.02.2018 14:19","14,3575","284,505"
5010,"11.02.2018 14:29","14,5087","284,386"
5020,"11.02.2018 14:39","14,4649","284,004"
5030,"11.02.2018 14:49","14,3985","285,699"
5040,"11.02.2018 14:59","14,4658","284,505"
5050,"11.02.2018 15:09","14,4556","285,556"
5060,"11.02.2018 15:19","14,5476","284,314"
5070,"11.02.2018 15:29","14,437","285,197"
5080,"11.02.2018 15:39","14,4622","284,004"
5090,"11.02.2018 15:49","14,4256","284,314"
5100,"11.02.2018 15:59","14,4502","285,388"
5110,"11.02.2018 16:09","14,575","285,532"
5120,"11.02.2018 16:19","14,4983","284,41"
5130,"11.02.2018 16:29","14,5709","284,887"
5140,"11.02.2018 16:39","14,5345","284,314"
5150,"11.02.2018 16:49","14,4386","283,646"
5160,"11.02.2018 16:59","14,4503","285,579"
5170,"11.02.2018 17:09","14,4859","284,338"
5180,"11.02.2018 17:19","14,454","285,46"
5190,"11.02.2018 17:29","14,4715","283,956"
5200,"11.02.2018 17:39","14,5419","284,314"
5210,"11.02.2018 17:49","14,3893","284,171"
5220,"11.02.2018 17:59","14,4215","284,314"
5230,"11.02.2018 18:09","14,511","284,338"
5240,"11.02.2018 18:19","14,5103","286,128"
5250,"11.02.2018 18:29","14,4418","286,343"
5260,"11.02.2018 18:39","14,4818","284,076"
5270,"11.02.2018 18:49","14,3971","285,484"
5280,"11.02.2018 18:59","14,475","284,481"
5290,"11.02.2018 19:09","14,453","284,314"
5300,"11.02.2018 19:19","14,4185","284,887"
5310,"11.02.2018 19:29","14,4842","284,243"
5320,"11.02.2018 19:39","14,4932","284,577"
5330,"11.02.2018 19:49","14,4789","285,579"
5340,"11.02.2018 19:59","14,4456","285,938"
5350,"11.02.2018 20:09","14,4789","284,577"
5360,"11.02.2018 20:19","14,54","285,245"
5370,"11.02.2018 20:29","14,4047","285,532"
5380,"11.02.2018 20:39","14,4741","285,77"
5390,"11.02.2018 20:49","14,4384","284,386"
5400,"11.02.2018 20:59","14,6401","285,317"
5410,"11.02.2018 21:09","14,4641","285,46"
5420,"11.02.2018 21:19","13,9201","271,424"
5430,"11.02.2018 21:29","13,5462","264,31"
5440,"11.02.2018 21:39","14,1351","274,264"
5450,"11.02.2018 21:49","14,0283","272,569"
5460,"11.02.2018 21:59","13,699","267,652"
5470,"11.02.2018 22:09","13,1671","257,316"
5480,"11.02.2018 22:19","12,4606","235,354"
5490,"11.02.2018 22:29","11,6641","217,76"
5500,"11.02.2018 22:39","10,8375","198,09"
5510,"11.02.2018 22:49","10,093","177,25"
5520,"11.02.2018 22:59","9,65611","166,246"
5530,"11.02.2018 23:09","9,67759","165,267"
5540,"11.02.2018 23:19","9,25737","156,506"
5550,"11.02.2018 23:29","8,86835","144,475"
5560,"11.02.2018 23:39","8,38549","130,916"
5570,"11.02.2018 23:49","7,92625","119,29"
5580,"11.02.2018 23:59","8,01795","118,98"
5590,"12.02.2018 0:09","7,99001","118,526"
5600,"12.02.2018 0:19","8,00381","120,197"
5610,"12.02.2018 0:29","7,95567","119,839"
5620,"12.02.2018 0:39","7,98898","119,004"
5630,"12.02.2018 0:49","7,9506","119,004"
5640,"12.02.2018 0:59","8,06893","118,407"
5650,"12.02.2018 1:09","8,01323","120,197"
5660,"12.02.2018 1:19","8,04109","120,221"
5670,"12.02.2018 1:29","7,99548","119,099"
5680,"12.02.2018 1:39","7,99778","118,55"
5690,"12.02.2018 1:49","7,92004","119,028"
5700,"12.02.2018 1:59","7,93193","119,362"
5710,"12.02.2018 2:09","7,94912","119,863"
5720,"12.02.2018 2:19","7,97362","119,625"
5730,"12.02.2018 2:29","7,89432","119,768"
5740,"12.02.2018 2:39","7,94909","118,861"
5750,"12.02.2018 2:49","7,90531","120,365"
5760,"12.02.2018 2:59","7,87816","119,983"
5770,"12.02.2018 3:09","7,97308","120,007"
5780,"12.02.2018 3:19","7,93663","118,526"
5790,"12.02.2018 3:29","8,08471","119,696"
5800,"12.02.2018 3:39","7,94396","120,03"
5810,"12.02.2018 3:49","7,93922","119,481"
5820,"12.02.2018 3:59","7,93715","119,505"
5830,"12.02.2018 4:09","7,9671","120,197"
5840,"12.02.2018 4:19","7,9808","118,622"
5850,"12.02.2018 4:29","7,98623","118,407"
5860,"12.02.2018 4:39","7,95419","119,505"
5870,"12.02.2018 4:49","7,93073","118,837"
5880,"12.02.2018 4:59","7,97357","118,431"
5890,"12.02.2018 5:09","7,92649","118,574"
5900,"12.02.2018 5:19","7,99884","118,837"
5910,"12.02.2018 5:29","7,94839","118,503"
5920,"12.02.2018 5:39","8,0456","119,147"
5930,"12.02.2018 5:49","7,95982","120,245"
5940,"12.02.2018 5:59","7,93957","117,906"
5950,"12.02.2018 6:09","7,96946","120,46"
5960,"12.02.2018 6:19","7,99255","118,383"
5970,"12.02.2018 6:29","7,89172","118,622"
5980,"12.02.2018 6:39","7,99904","118,765"
5990,"12.02.2018 6:49","7,94849","119,434"
6000,"12.02.2018 6:59","7,92763","118,908"
6010,"12.02.2018 7:09","8,55966","131,608"
6020,"12.02.2018 7:19","9,81157","166,628"
6030,"12.02.2018 7:29","11,0962","199,618"
6040,"12.02.2018 7:39","12,3753","232,441"
6050,"12.02.2018 7:49","13,7057","266,124"
6060,"12.02.2018 7:59","14,3761","283,192"
6070,"12.02.2018 8:09","14,5663","282,667"
6080,"12.02.2018 8:19","14,5472","285,961"
6090,"12.02.2018 8:29","14,5826","284,338"
6100,"12.02.2018 8:39","14,5509","284,314"
6110,"12.02.2018 8:49","14,366","284,028"
6120,"12.02.2018 8:59","14,5591","285,388"
6130,"12.02.2018 9:09","13,9936","273,811"
6140,"12.02.2018 9:19","13,428","260,299"
6150,"12.02.2018 9:29","12,9086","247,075"
6160,"12.02.2018 9:39","12,393","232,776"
6170,"12.02.2018 9:49","11,6882","217,784"
6180,"12.02.2018 9:59","11,3621","206,35"
6190,"12.02.2018 10:09","11,8027","220,935"
6200,"12.02.2018 10:19","12,2903","230,842"
6210,"12.02.2018 10:29","12,8631","243,9"
6220,"12.02.2018 10:39","13,3335","257,602"
6230,"12.02.2018 10:49","14,0174","270,803"
6240,"12.02.2018 10:59","14,4723","282,142"
6250,"12.02.2018 11:09","14,4629","284,505"
6260,"12.02.2018 11:19","14,5311","284,601"
6270,"12.02.2018 11:29","14,4957","284,887"
6280,"12.02.2018 11:39","14,5194","285,436"
6290,"12.02.2018 11:49","14,5401","285,508"
6300,"12.02.2018 11:59","14,4647","283,168"
6310,"12.02.2018 12:09","14,3731","285,15"
6320,"12.02.2018 12:19","14,4134","284,959"
6330,"12.02.2018 12:29","14,4946","283,598"
6340,"12.02.2018 12:39","14,4134","283,622"
6350,"12.02.2018 12:49","14,5534","284,481"
6360,"12.02.2018 12:59","14,4975","285,603"
6370,"12.02.2018 13:09","14,4289","284,243"
6380,"12.02.2018 13:19","14,4493","283,932"
6390,"12.02.2018 13:29","14,6025","283,24"
6400,"12.02.2018 13:39","14,427","285,532"
6410,"12.02.2018 13:49","14,5992","283,908"
6420,"12.02.2018 13:59","14,4523","284,29"
6430,"12.02.2018 14:09","14,4446","284,505"
6440,"12.02.2018 14:19","14,5547","285,46"
6450,"12.02.2018 14:29","14,3916","283,717"
6460,"12.02.2018 14:39","14,5059","285,269"
6470,"12.02.2018 14:49","14,4967","283,765"
6480,"12.02.2018 14:59","14,4409","283,908"
6490,"12.02.2018 15:09","14,3767","283,837"
6500,"12.02.2018 15:19","14,4779","283,908"
6510,"12.02.2018 15:29","14,4162","283,264"
6520,"12.02.2018 15:39","14,5236","284,505"
6530,"12.02.2018 15:49","14,423","285,388"
6540,"12.02.2018 15:59","14,3608","284,863"
6550,"12.02.2018 16:09","13,3422","259,01"
6560,"12.02.2018 16:19","12,3204","231,845"
6570,"12.02.2018 16:29","11,14","205,061"
6580,"12.02.2018 16:39","10,0372","177,155"
6590,"12.02.2018 16:49","8,95954","146,981"
6600,"12.02.2018 16:59","7,82414","117,906"
6610,"12.02.2018 17:09","7,89633","120,174"
6620,"12.02.2018 17:19","7,93312","119,553"
6630,"12.02.2018 17:29","7,96548","119,266"
6640,"12.02.2018 17:39","8,11189","123,587"
6650,"12.02.2018 17:49","8,08581","122,059"
6660,"12.02.2018 17:59","8,07841","123,539"
6670,"12.02.2018 18:09","8,09857","122,728"
6680,"12.02.2018 18:19","8,14558","122,776"
6690,"12.02.2018 18:29","8,08396","122,632"
6700,"12.02.2018 18:39","8,08819","122,68"
6710,"12.02.2018 18:49","8,08618","122,943"
6720,"12.02.2018 18:59","8,09679","124,733"
6730,"12.02.2018 19:09","8,15308","124,757"
6740,"12.02.2018 19:19","8,0886","123,945"
6750,"12.02.2018 19:29","8,11762","123,898"
6760,"12.02.2018 19:39","7,94335","118,335"
6770,"12.02.2018 19:49","7,94523","118,741"
6780,"12.02.2018 19:59","7,99095","120,341"
6790,"12.02.2018 20:09","7,97517","118,598"
6800,"12.02.2018 20:19","7,96558","118,574"
6810,"12.02.2018 20:29","8,03796","120,77"
6820,"12.02.2018 20:39","8,12508","124,256"
6830,"12.02.2018 20:49","8,08772","122,943"
6840,"12.02.2018 20:59","8,10241","122,68"
6850,"12.02.2018 21:09","8,21787","123,11"
6860,"12.02.2018 21:19","8,12123","123,277"
6870,"12.02.2018 21:29","8,11077","123,205"
6880,"12.02.2018 21:39","8,10294","123,754"
6890,"12.02.2018 21:49","8,14435","123,611"
6900,"12.02.2018 21:59","8,15022","123,921"
6910,"12.02.2018 22:09","8,18881","123,349"
6920,"12.02.2018 22:19","8,13275","122,776"
6930,"12.02.2018 22:29","8,03896","123,659"
6940,"12.02.2018 22:39","8,06741","123,038"
6950,"12.02.2018 22:49","8,12713","123,444"
6960,"12.02.2018 22:59","8,10616","123,229"
6970,"12.02.2018 23:09","8,18135","124,112"
6980,"12.02.2018 23:19","8,1479","122,967"
6990,"12.02.2018 23:29","8,12524","123,611"
7000,"12.02.2018 23:39","8,12513","124,28"
7010,"12.02.2018 23:49","8,21553","122,656"
7020,"12.02.2018 23:59","8,10461","123,874"
7030,"13.02.2018 0:09","8,09144","122,274"
7040,"13.02.2018 0:19","8,13945","123,73"
7050,"13.02.2018 0:29","8,07389","120,747"
7060,"13.02.2018 0:39","8,03185","118,598"
7070,"13.02.2018 0:49","7,93895","120,365"
7080,"13.02.2018 0:59","7,98242","120,174"
7090,"13.02.2018 1:09","8,05745","119,672"
7100,"13.02.2018 1:19","7,99685","118,526"
7110,"13.02.2018 1:29","8,00969","118,479"
7120,"13.02.2018 1:39","7,96358","120,556"
7130,"13.02.2018 1:49","7,9635","119,696"
7140,"13.02.2018 1:59","7,97601","118,598"
7150,"13.02.2018 2:09","7,9804","118,932"
7160,"13.02.2018 2:19","7,94041","119,123"
7170,"13.02.2018 2:29","7,96811","119,004"
7180,"13.02.2018 2:39","7,93272","119,744"
7190,"13.02.2018 2:49","7,93146","119,935"
7200,"13.02.2018 2:59","8,05385","120,436"
7210,"13.02.2018 3:09","8,04115","119,887"
7220,"13.02.2018 3:19","8,00678","119,386"
7230,"13.02.2018 3:29","8,04465","119,076"
7240,"13.02.2018 3:39","8,03521","118,765"
7250,"13.02.2018 3:49","7,9277","119,314"
7260,"13.02.2018 3:59","8,08826","119,529"
7270,"13.02.2018 4:09","7,97935","119,195"
7280,"13.02.2018 4:19","8,00706","118,598"
7290,"13.02.2018 4:29","8,01221","119,41"
7300,"13.02.2018 4:39","7,96919","119,696"
7310,"13.02.2018 4:49","7,94481","119,959"
7320,"13.02.2018 4:59","8,03204","118,837"
7330,"13.02.2018 5:09","7,99894","119,028"
7340,"13.02.2018 5:19","7,94177","118,598"
7350,"13.02.2018 5:29","7,96303","119,052"
7360,"13.02.2018 5:39","7,9804","119,004"
7370,"13.02.2018 5:49","7,98692","119,601"
7380,"13.02.2018 5:59","7,88577","119,816"
7390,"13.02.2018 6:09","7,98042","118,861"
7400,"13.02.2018 6:19","7,98166","119,935"
7410,"13.02.2018 6:29","7,99857","119,099"
7420,"13.02.2018 6:39","7,95887","118,885"
7430,"13.02.2018 6:49","7,98235","118,813"
7440,"13.02.2018 6:59","7,99916","119,099"
7450,"13.02.2018 7:09","8,99443","146,241"
7460,"13.02.2018 7:19","10,0616","173,598"
7470,"13.02.2018 7:29","11,1965","201,599"
7480,"13.02.2018 7:39","12,1803","230,293"
7490,"13.02.2018 7:49","13,3045","257,507"
7500,"13.02.2018 7:59","14,486","283,264"
7510,"13.02.2018 8:09","14,5955","285,007"
7520,"13.02.2018 8:19","14,4251","284,911"
7530,"13.02.2018 8:29","14,5585","284,529"
7540,"13.02.2018 8:39","14,4307","284,959"
7550,"13.02.2018 8:49","14,5565","285,603"
7560,"13.02.2018 8:59","14,493","284,434"
7570,"13.02.2018 9:09","14,5253","285,126"
7580,"13.02.2018 9:19","14,5051","286,128"
7590,"13.02.2018 9:29","14,5132","284,696"
7600,"13.02.2018 9:39","14,4509","283,956"
7610,"13.02.2018 9:49","14,6019","284,338"
7620,"13.02.2018 9:59","14,4978","285,269"
7630,"13.02.2018 10:09","14,5163","285,556"
7640,"13.02.2018 10:19","14,5699","285,293"
7650,"13.02.2018 10:29","14,5957","288,038"
7660,"13.02.2018 10:39","14,6637","289,566"
7670,"13.02.2018 10:49","14,6133","289,542"
7680,"13.02.2018 10:59","14,5821","289,805"
7690,"13.02.2018 11:09","14,7876","290,163"
7700,"13.02.2018 11:19","14,6954","288,73"
7710,"13.02.2018 11:29","14,7262","289,136"
7720,"13.02.2018 11:39","14,7542","288,754"
7730,"13.02.2018 11:49","14,7688","291,38"
7740,"13.02.2018 11:59","14,7003","289,28"
7750,"13.02.2018 12:09","14,6862","288,587"
7760,"13.02.2018 12:19","14,7258","288,898"
7770,"13.02.2018 12:29","14,6456","288,635"
7780,"13.02.2018 12:39","14,7516","288,85"
7790,"13.02.2018 12:49","14,6936","288,85"
7800,"13.02.2018 12:59","14,592","289,232"
7810,"13.02.2018 13:09","14,7662","288,826"
7820,"13.02.2018 13:19","14,6762","288,349"
7830,"13.02.2018 13:29","14,7128","289,924"
7840,"13.02.2018 13:39","14,7094","288,683"
7850,"13.02.2018 13:49","14,6454","289,709"
7860,"13.02.2018 13:59","14,7519","288,516"
7870,"13.02.2018 14:09","14,7595","289,757"
7880,"13.02.2018 14:19","14,6099","287,298"
7890,"13.02.2018 14:29","14,5997","286,988"
7900,"13.02.2018 14:39","14,7196","288,826"
7910,"13.02.2018 14:49","14,5958","289,16"
7920,"13.02.2018 14:59","14,6405","289,208"
7930,"13.02.2018 15:09","14,6269","288,921"
7940,"13.02.2018 15:19","14,8094","288,158"
7950,"13.02.2018 15:29","14,6495","287,871"
7960,"13.02.2018 15:39","14,712","287,155"
7970,"13.02.2018 15:49","14,668","289,327"
7980,"13.02.2018 15:59","14,6299","287,752"
7990,"13.02.2018 16:09","14,6722","287,823"
8000,"13.02.2018 16:19","14,6377","287,704"
8010,"13.02.2018 16:29","14,7236","289,614"
8020,"13.02.2018 16:39","14,7272","288,086"
8030,"13.02.2018 16:49","14,5965","289,852"
8040,"13.02.2018 16:59","14,6166","289,638"
8050,"13.02.2018 17:09","14,6514","286,988"
8060,"13.02.2018 17:19","14,6724","289,566"
8070,"13.02.2018 17:29","14,694","289,685"
8080,"13.02.2018 17:39","14,6357","288,253"
8090,"13.02.2018 17:49","14,7285","288,444"
8100,"13.02.2018 17:59","14,5466","289,065"
8110,"13.02.2018 18:09","14,6517","289,733"
8120,"13.02.2018 18:19","14,5985","287,561"
8130,"13.02.2018 18:29","14,6856","289,303"
8140,"13.02.2018 18:39","14,7342","289,781"
8150,"13.02.2018 18:49","14,6941","289,829"
8160,"13.02.2018 18:59","14,6545","288,205"
8170,"13.02.2018 19:09","14,6388","288,229"
8180,"13.02.2018 19:19","14,6453","288,921"
8190,"13.02.2018 19:29","14,7049","288,778"
8200,"13.02.2018 19:39","14,7232","290,043"
8210,"13.02.2018 19:49","14,5447","289,685"
8220,"13.02.2018 19:59","14,7375","290,616"
8230,"13.02.2018 20:09","14,6904","290,712"
8240,"13.02.2018 20:19","14,714","290,187"
8250,"13.02.2018 20:29","14,7524","290,02"
8260,"13.02.2018 20:39","14,7175","290,067"
8270,"13.02.2018 20:49","14,707","289,327"
8280,"13.02.2018 20:59","14,6694","289,184"
8290,"13.02.2018 21:09","14,4241","282,309"
8300,"13.02.2018 21:19","13,9826","276,317"
8310,"13.02.2018 21:29","14,3257","279,612"
8320,"13.02.2018 21:39","14,275","279,158"
8330,"13.02.2018 21:49","14,7498","289,638"
8340,"13.02.2018 21:59","14,6573","288,707"
8350,"13.02.2018 22:09","14,6378","291,094"
8360,"13.02.2018 22:19","14,6783","289,208"
8370,"13.02.2018 22:29","14,3083","280,232"
8380,"13.02.2018 22:39","13,8974","271,71"
8390,"13.02.2018 22:49","13,3346","259,058"
8400,"13.02.2018 22:59","13,0318","250,679"
8410,"13.02.2018 23:09","13,349","254,332"
8420,"13.02.2018 23:19","13,5063","261,899"
8430,"13.02.2018 23:29","13,6747","266,793"
8440,"13.02.2018 23:39","13,8538","270,636"
8450,"13.02.2018 23:49","14,1605","276,58"
8460,"13.02.2018 23:59","14,3709","282,93"
8470,"14.02.2018 0:09","13,6978","267,079"
8480,"14.02.2018 0:19","13,0909","253,186"
8490,"14.02.2018 0:29","12,5236","237,407"
8500,"14.02.2018 0:39","11,8135","222,057"
8510,"14.02.2018 0:49","11,1872","205,467"
8520,"14.02.2018 0:59","10,5125","189,019"
8530,"14.02.2018 1:09","10,0669","175,412"
8540,"14.02.2018 1:19","8,86149","143,257"
8550,"14.02.2018 1:29","7,92707","119,076"
8560,"14.02.2018 1:39","4,18505","4,15799"
8570,"14.02.2018 1:49","0,182456","0,195313"
8580,"14.02.2018 1:59","0","-0,0195313"
8590,"14.02.2018 2:09","0","-0,186632"
8600,"14.02.2018 2:19","0,151654","0,219185"
8610,"14.02.2018 2:29","0,922974","-0,0911465"
8620,"14.02.2018 2:39","0,558966","0,219185"
8630,"14.02.2018 2:49","0,550215","-0,425346"
8640,"14.02.2018 2:59","0,560486","-0,30599"
8650,"14.02.2018 3:09","0,551002","-0,16276"
8660,"14.02.2018 3:19","0,559467","-0,0434036"
8670,"14.02.2018 3:29","0,565772","-0,30599"
8680,"14.02.2018 3:39","0,562277","-0,210505"
8690,"14.02.2018 3:49","0,572411","-0,115017"
8700,"14.02.2018 3:59","0,566786","-0,186632"
8710,"14.02.2018 4:09","0,573079","0,00434113"
8720,"14.02.2018 4:19","0,585022","-0,234375"
8730,"14.02.2018 4:29","0,591173","-0,115017"
8740,"14.02.2018 4:39","0,585726","-0,115017"
8750,"14.02.2018 4:49","0,591784","-0,210505"
8760,"14.02.2018 4:59","0,597689","-0,258247"
8770,"14.02.2018 5:09","0,594217","-0,115017"
8780,"14.02.2018 5:19","0,594423","-0,186632"
8790,"14.02.2018 5:29","0,604002","-0,258247"
8800,"14.02.2018 5:39","0,604428","-0,186632"
8810,"14.02.2018 5:49","0,615927","-0,115017"
8820,"14.02.2018 5:59","0,61606","-0,186632"
8830,"14.02.2018 6:09","0,612384","-0,496962"
8840,"14.02.2018 6:19","0,605372","-0,0434036"
8850,"14.02.2018 6:29","0,612761","-0,353733"
8860,"14.02.2018 6:39","0,613116","0,123697"
8870,"14.02.2018 6:49","0,596411","-0,186632"
8880,"14.02.2018 6:59","0,606137","-0,234375"
8890,"14.02.2018 7:09","0,606176","-0,115017"
8900,"14.02.2018 7:19","0,596942","-0,234375"
8910,"14.02.2018 7:29","0,589277","-0,401476"
8920,"14.02.2018 7:39","0,597042","-0,138889"
8930,"14.02.2018 7:49","0,597189","-0,0195313"
8940,"14.02.2018 7:59","0,601142","0,123697"
8950,"14.02.2018 8:09","0,597485","-0,401476"
8960,"14.02.2018 8:19","0,597536","-0,16276"
8970,"14.02.2018 8:29","0,601613","0,123697"
8980,"14.02.2018 8:39","0,597857","-0,234375"
8990,"14.02.2018 8:49","0,5978","-0,473089"
9000,"14.02.2018 8:59","0,601782","0,052084"



